<?xml version="1.0" encoding="UTF-8"?>
<!DOCTYPE mapper PUBLIC "-//mybatis.org//DTD Mapper 3.0//EN" "http://mybatis.org/dtd/mybatis-3-mapper.dtd">
<mapper namespace="com.yewyw.dao.BabyMapper">
  <!--<resultMap id="BaseResultMap" type="com.yewyw.entity.Baby">-->
    <!--&lt;!&ndash;-->
      <!--WARNING - @mbg.generated-->
    <!--&ndash;&gt;-->
    <!--<id column="id" jdbcType="VARCHAR" property="id" />-->
    <!--<result column="name" jdbcType="VARCHAR" property="name" />-->
    <!--<result column="childbirth" jdbcType="TIMESTAMP" property="childbirth" />-->
    <!--<result column="sex" jdbcType="INTEGER" property="sex" />-->
    <!--<result column="consulterid" jdbcType="INTEGER" property="consulterid" />-->
    <!--<result column="create_time" jdbcType="TIMESTAMP" property="createTime" />-->
    <!--<result column="isdefault" jdbcType="INTEGER" property="isdefault" />-->
    <!--<result column="birthstatus" jdbcType="INTEGER" property="birthstatus" />-->
    <!--<result column="gestational_week" jdbcType="INTEGER" property="gestationalWeek" />-->
    <!--<result column="baby_weight" jdbcType="DOUBLE" property="babyWeight" />-->
    <!--<result column="baby_height" jdbcType="DOUBLE" property="babyHeight" />-->
    <!--<result column="baby_url" jdbcType="VARCHAR" property="babyUrl" />-->
    <!--<result column="status" jdbcType="VARCHAR" property="status" />-->
  <!--</resultMap>-->
</mapper>