<?xml version="1.0" encoding="UTF-8"?>
<!DOCTYPE mapper PUBLIC "-//mybatis.org//DTD Mapper 3.0//EN" "http://mybatis.org/dtd/mybatis-3-mapper.dtd">
<mapper namespace="com.yewyw.dao.BusinessMapper">
  <resultMap id="BaseResultMap" type="com.yewyw.entity.Business">
    <!--
      WARNING - @mbg.generated
    -->
    <id column="id" jdbcType="INTEGER" property="id" />
    <result column="username" jdbcType="VARCHAR" property="username" />
    <result column="password" jdbcType="VARCHAR" property="password" />
    <result column="industry" jdbcType="VARCHAR" property="industry" />
    <result column="email" jdbcType="VARCHAR" property="email" />
    <result column="location" jdbcType="VARCHAR" property="location" />
    <result column="card_account" jdbcType="VARCHAR" property="cardAccount" />
    <result column="card_no" jdbcType="VARCHAR" property="cardNo" />
    <result column="link_name" jdbcType="VARCHAR" property="linkName" />
    <result column="office" jdbcType="VARCHAR" property="office" />
    <result column="bindphone" jdbcType="VARCHAR" property="bindphone" />
    <result column="phone" jdbcType="VARCHAR" property="phone" />
    <result column="b_mark" jdbcType="VARCHAR" property="bMark" />
    <result column="expired_time" jdbcType="BIGINT" property="expiredTime" />
    <result column="token" jdbcType="VARCHAR" property="token" />
    <result column="businessname" jdbcType="VARCHAR" property="businessname" />
    <result column="createtime" jdbcType="BIGINT" property="createtime" />
    <result column="address" jdbcType="VARCHAR" property="address" />
    <result column="notice" jdbcType="VARCHAR" property="notice" />
    <result column="title" jdbcType="VARCHAR" property="title" />
    <result column="keywords" jdbcType="VARCHAR" property="keywords" />
    <result column="description" jdbcType="VARCHAR" property="description" />
    <result column="open_reg" jdbcType="INTEGER" property="openReg" />
    <result column="appid" jdbcType="VARCHAR" property="appid" />
    <result column="appsecret" jdbcType="VARCHAR" property="appsecret" />
    <result column="sharepic" jdbcType="VARCHAR" property="sharepic" />
    <result column="shuiyinurl" jdbcType="VARCHAR" property="shuiyinurl" />
    <result column="card_num" jdbcType="VARCHAR" property="cardNum" />
    <result column="display_tel" jdbcType="INTEGER" property="displayTel" />
    <result column="portrait" jdbcType="VARCHAR" property="portrait" />
    <result column="is_commend" jdbcType="INTEGER" property="isCommend" />
    <result column="need_platform" jdbcType="INTEGER" property="needPlatform" />
    <result column="mem_portrait" jdbcType="VARCHAR" property="memPortrait" />
    <result column="chaturl" jdbcType="VARCHAR" property="chaturl" />
    <result column="open_complate" jdbcType="INTEGER" property="openComplate" />
    <result column="is_search_town" jdbcType="INTEGER" property="isSearchTown" />
    <result column="public_type" jdbcType="INTEGER" property="publicType" />
    <result column="is_free" jdbcType="INTEGER" property="isFree" />
    <result column="consult_type" jdbcType="TINYINT" property="consultType" />
    <result column="is_component" jdbcType="INTEGER" property="isComponent" />
    <result column="shareurl" jdbcType="LONGVARCHAR" property="shareurl" />
  </resultMap>
  
  
  <select id="findByBmark" resultType="map">
    SELECT b.consult_type FROM business b WHERE b.b_mark=#{args0}
  </select>
</mapper>