<?xml version="1.0" encoding="UTF-8"?>
<!DOCTYPE mapper PUBLIC "-//mybatis.org//DTD Mapper 3.0//EN" "http://mybatis.org/dtd/mybatis-3-mapper.dtd">
<mapper namespace="com.yewyw.dao.ConsulterOrderRefundNoticeMapper">
  <resultMap id="BaseResultMap" type="com.yewyw.entity.ConsulterOrderRefundNotice">
    <!--
      WARNING - @mbg.generated
    -->
    <id column="ORDER_ID" jdbcType="INTEGER" property="orderId" />
    <result column="SOURCE_ID" jdbcType="VARCHAR" property="sourceId" />
    <result column="CREATE_TIME" jdbcType="BIGINT" property="createTime" />
    <result column="PAY_SERIAL_NO" jdbcType="VARCHAR" property="paySerialNo" />
    <result column="STATUS" jdbcType="INTEGER" property="status" />
    <result column="STATUS_TIME" jdbcType="BIGINT" property="statusTime" />
  </resultMap>
</mapper>