<?xml version="1.0" encoding="UTF-8"?>
<!DOCTYPE mapper PUBLIC "-//mybatis.org//DTD Mapper 3.0//EN" "http://mybatis.org/dtd/mybatis-3-mapper.dtd">
<mapper namespace="com.yewyw.dao.MessageMapper">
  <resultMap id="BaseResultMap" type="com.yewyw.entity.Message">
    <!--
      WARNING - @mbg.generated
    -->
    <id column="id" jdbcType="INTEGER" property="id" />
    <result column="order_id" jdbcType="INTEGER" property="orderId" />
    <result column="sender_id" jdbcType="INTEGER" property="senderId" />
    <result column="sender_type" jdbcType="INTEGER" property="senderType" />
    <result column="create_time" jdbcType="BIGINT" property="createTime" />
    <result column="msgtype" jdbcType="VARCHAR" property="msgtype" />
    <result column="action_type" jdbcType="INTEGER" property="actionType" />
    <result column="b_mark" jdbcType="VARCHAR" property="bMark" />
    <result column="tmp" jdbcType="VARCHAR" property="tmp" />
    <result column="content" jdbcType="LONGVARCHAR" property="content" />
    <result column="msg_info" jdbcType="LONGVARCHAR" property="msgInfo" />
  </resultMap>
</mapper>