<?xml version="1.0" encoding="UTF-8"?>
<!DOCTYPE generatorConfiguration
 PUBLIC "-//mybatis.org//DTD MyBatis Generator Configuration 1.0//EN" "http://mybatis.org/dtd/mybatis-generator-config_1_0.dtd">
<generatorConfiguration>
	<!-- 执行命令：mvn mybatis-generator:generate -->
	<context id="Mysql" targetRuntime="MyBatis3Simple"
		defaultModelType="flat">
		<!--分隔符 -->
		<property name="beginningDelimiter" value="`" />
		<property name="endingDelimiter" value="`" />
		<!-- 通用mapper插件 -->
		<plugin type="tk.mybatis.mapper.generator.MapperPlugin">
			<!-- 此处的 MyMapper注意一定不能被扫描到 -->
			<property name="mappers" value="com.yewyw.config.mybatis.mymapper.MyMapper" />
		</plugin>
		<!-- 注释 规则 -->
		<commentGenerator>
			<property name="suppressAllComments" value="false" />
			<property name="suppressDate" value="true" />
		</commentGenerator>

		<!-- 数据库相关配置 -->
		<jdbcConnection driverClass="com.mysql.jdbc.Driver"
			connectionURL="jdbc:mysql://115.29.233.195:3306/healthytest?useUnicode=true&amp;characterEncoding=UTF-8&amp;autoReconnect=true&amp;zeroDateTimeBehavior=convertToNull"
			userId="root" password="!L6532r&amp;" />

		<javaModelGenerator targetPackage="com.yewyw.entity"
			targetProject="src/main/java" />
		<sqlMapGenerator targetPackage="mapper" targetProject="src/main/resources" />
		<javaClientGenerator targetPackage="com.yewyw.dao"
			targetProject="src/main/java" type="XMLMAPPER" />


		<!--<table tableName="%">-->
		<!--<generatedKey column="id" sqlStatement="Mysql" identity="true" />-->
		<!--</table>-->


 		<!--<table tableName="base_dict">-->
 			<!--<generatedKey column="dict_id" sqlStatement="Mysql" identity="true" />-->
 		<!--</table>-->

 		<!--<table tableName="logging_event">-->
 			<!--<generatedKey column="event_id" sqlStatement="Mysql" identity="true" />-->
 		<!--</table>-->

 		<!--<table tableName="business">-->
 			<!--<generatedKey column="id" sqlStatement="Mysql" identity="true" />-->
 		<!--</table>-->

 		<!--<table tableName="user">-->
 			<!--<generatedKey column="id" sqlStatement="Mysql" identity="true" />-->
 		<!--</table>-->

 		<!--<table tableName="location">-->
 		<!--</table>-->

 		<!--<table tableName="consulter_out_user_rel">-->
 		<!--</table>-->

		<!--<table tableName="message">-->
		<!--<generatedKey column="id" sqlStatement="Mysql" identity="true" />-->
		<!--</table>-->


		<!--<table tableName="customer" delimitAllColumns="true">-->
			<!--<generatedKey column="id" sqlStatement="Mysql" identity="true" />-->
		<!--</table>-->

		<!--<table tableName="baby">-->
			<!--<generatedKey column="id" sqlStatement="Mysql" identity="true" />-->
		<!--</table>-->
		<!--<table tableName="consulter_order">-->
			<!--<generatedKey column="id" sqlStatement="Mysql" identity="true" />-->
		<!--</table>-->
		<!--<table tableName="CONSULTER_ORDER_REFUND_NOTICE" delimitAllColumns="true">-->
			<!--<generatedKey column="ORDER_ID" sqlStatement="Mysql" identity="true" />-->
		<!--</table>-->

	</context>
</generatorConfiguration>




