

<!-- Logback configuration. See http://logback.qos.ch/manual/index.html -->
<configuration scan="true" scanPeriod="10 seconds">
	<include resource="org/springframework/boot/logging/logback/base.xml" />
	<property name="LOG_PATH" value="/data/yewyw-mybatis/logs" />
	<property name="APP_NAME" value="yewyw-interface" />

	<appender name="DEBUG_FILE"
		class="ch.qos.logback.core.rolling.RollingFileAppender">
		<filter class="ch.qos.logback.classic.filter.ThresholdFilter">
			<level>DEBUG</level>
		</filter>
		<!-- <File>${LOG_PATH}info.log</File> -->
		<rollingPolicy class="ch.qos.logback.core.rolling.TimeBasedRollingPolicy">
			<fileNamePattern>${LOG_PATH}/${APP_NAME}/debug-%d{yyyy-MM-dd}.%i.log
			</fileNamePattern>
			<timeBasedFileNamingAndTriggeringPolicy
				class="ch.qos.logback.core.rolling.SizeAndTimeBasedFNATP">
				<maxFileSize>500MB</maxFileSize>
			</timeBasedFileNamingAndTriggeringPolicy>
			<maxHistory>30</maxHistory>
		</rollingPolicy>
		<layout class="ch.qos.logback.classic.PatternLayout">
			<Pattern>%d{yyyy-MM-dd HH:mm:ss.SSS} [%thread] [%-5level]
				%logger{36}-%msg%n
			</Pattern>
		</layout>
	</appender>
	<appender name="INFO_FILE"
		class="ch.qos.logback.core.rolling.RollingFileAppender">
		<filter class="ch.qos.logback.classic.filter.ThresholdFilter">
			<level>INFO</level>
		</filter>
		<!-- <File>${LOG_PATH}info.log</File> -->
		<rollingPolicy class="ch.qos.logback.core.rolling.TimeBasedRollingPolicy">
			<fileNamePattern>${LOG_PATH}/${APP_NAME}/info-%d{yyyy-MM-dd}.%i.log
			</fileNamePattern>
			<timeBasedFileNamingAndTriggeringPolicy
				class="ch.qos.logback.core.rolling.SizeAndTimeBasedFNATP">
				<maxFileSize>500MB</maxFileSize>
			</timeBasedFileNamingAndTriggeringPolicy>
			<maxHistory>30</maxHistory>
		</rollingPolicy>
		<layout class="ch.qos.logback.classic.PatternLayout">
			<Pattern>%d{yyyy-MM-dd HH:mm:ss.SSS} [%thread] [%-5level]
				%logger{36}-%msg%n
			</Pattern>
		</layout>
	</appender>
	<appender name="WARN_FILE"
		class="ch.qos.logback.core.rolling.RollingFileAppender">
		<filter class="ch.qos.logback.classic.filter.ThresholdFilter">
			<level>WARN</level>
		</filter>
		<!-- <File>${LOG_PATH}warn.log</File> -->
		<rollingPolicy class="ch.qos.logback.core.rolling.TimeBasedRollingPolicy">
			<fileNamePattern>${LOG_PATH}/${APP_NAME}/warn-%d{yyyy-MM-dd}.%i.log
			</fileNamePattern>
			<timeBasedFileNamingAndTriggeringPolicy
				class="ch.qos.logback.core.rolling.SizeAndTimeBasedFNATP">
				<maxFileSize>500MB</maxFileSize>
			</timeBasedFileNamingAndTriggeringPolicy>
			<maxHistory>30</maxHistory>
		</rollingPolicy>
		<layout class="ch.qos.logback.classic.PatternLayout">
			<Pattern>%d{yyyy-MM-dd HH:mm:ss.SSS} [%thread] [%-5level]
				%logger{36}-%msg%n
			</Pattern>
		</layout>
	</appender>
	<appender name="ERROR_FILE"
		class="ch.qos.logback.core.rolling.RollingFileAppender">
		<filter class="ch.qos.logback.classic.filter.ThresholdFilter">
			<level>ERROR</level>
		</filter>
		<!-- <File>${LOG_PATH}error.log</File> -->
		<rollingPolicy class="ch.qos.logback.core.rolling.TimeBasedRollingPolicy">
			<fileNamePattern>${LOG_PATH}/${APP_NAME}/error-%d{yyyy-MM-dd}.%i.log
			</fileNamePattern>
			<timeBasedFileNamingAndTriggeringPolicy
				class="ch.qos.logback.core.rolling.SizeAndTimeBasedFNATP">
				<maxFileSize>100MB</maxFileSize>
			</timeBasedFileNamingAndTriggeringPolicy>
			<maxHistory>30</maxHistory>
		</rollingPolicy>
		<layout class="ch.qos.logback.classic.PatternLayout">
			<Pattern>%d{yyyy-MM-dd HH:mm:ss.SSS} [%thread] [%-5level]
				%logger{36}-%msg%n
			</Pattern>
		</layout>
	</appender>

	<appender name="db" class="ch.qos.logback.classic.db.DBAppender">
		<filter class="ch.qos.logback.classic.filter.ThresholdFilter">
			<level>ERROR</level>
		</filter>
		<connectionSource class="ch.qos.logback.core.db.DataSourceConnectionSource">
			<dataSource class="org.apache.commons.dbcp.BasicDataSource">
				<driverClassName>com.mysql.jdbc.Driver</driverClassName>
				<url>jdbc:mysql://115.29.233.195:3306/healthytest</url>
				<username>root</username>
				<password>!L6532r&amp;</password>
			</dataSource>
		</connectionSource>
	</appender>

	<property  name="SPRING_APP_NAME"  value="${SPRING_APP_NAME:-yewyw-interface}"/>
	<property name="LOGSTASH_HOST" value="${LOGSTASH_HOST:-${DOCKER_HOST:-106.14.211.207}}"/>
	<property name="LOGSTASH_PORT" value="${LOGSTASH_PORT:-5000}"/>

	<appender name="LOGSTASH" class="net.logstash.logback.appender.LogstashTcpSocketAppender">
		<destination>${LOGSTASH_HOST}:${LOGSTASH_PORT}</destination>
		<encoder charset="UTF-8" class="net.logstash.logback.encoder.LogstashEncoder" />
	</appender>


	<!-- 为logstash输出的JSON格式的Appender -->
	<appender name="LOGSTASHJSON"
			  class="net.logstash.logback.appender.LogstashTcpSocketAppender">
		<destination>${LOGSTASH_HOST}:${LOGSTASH_PORT}</destination>
		<queueSize>1048576</queueSize>
		<!-- 日志输出编码 -->
		<encoder
				class="net.logstash.logback.encoder.LoggingEventCompositeJsonEncoder">
			<providers>
				<timestamp>
					<timeZone>UTC</timeZone>
				</timestamp>
				<pattern>
					<pattern>
						{
						"severity": "%level",
						"service": "${SPRING_APP_NAME:-}",
						"trace": "%X{X-B3-TraceId:-}",
						"span": "%X{X-B3-SpanId:-}",
						"exportable": "%X{X-Span-Export:-}",
						"pid": "${PID:-}",
						"thread": "%thread",
						"class": "%logger{40}",
						"rest": "%message"
						}
					</pattern>
				</pattern>
			</providers>
		</encoder>
	</appender>

	<root level="INFO">
		<appender-ref ref="INFO_FILE" />
		<appender-ref ref="DEBUG_FILE" />
		<appender-ref ref="WARN_FILE" />
		<appender-ref ref="ERROR_FILE" />
		<appender-ref ref="db" />
		<!--<appender-ref ref="LOGSTASH"/>-->
		<appender-ref ref="LOGSTASHJSON"/>

	</root>
</configuration>


